Hinweis;zu;den;Grundrechten:;Meinungsfreiheit.;Bei;den;Grundrechten;sollte;der;Meinungsfreiheit;besondere;Aufmerksamkeit;geschenkt;werden|;ohne;wahrhafte;Meinungsfreiheit;kann;es;keine;echte;Demokratie;geben.Eine;entsprechende;Ergänzung;könnte;sinngemäss;folgendermassen;aussehen:;Im;demokratischen;Entscheidungsprozess;gilt;das;Prinzip;des;Wettbewerbs;der;Ideen.;Das;Vertreten;von;Minderheitsmeinungen;darf;nicht;zu;Diskriminierung;führen.
"Denkanstoss.;Für;diejenigen,;die;mit;einer;Trennung;von;Kirche;und;Staat;das;Christentum;in;Gefahr;sehen,;sei;Folgendes;in;Erinnerung;gerufen:;In;den;ersten;dreihundert;Jahren;seiner;Entstehung;und;Ausbreitung;stand;das;Christentum;unter;immer;wiederkehrendem;Druck;des;Staates.;Im;weströmischen;Reich,;wo;es;dann;seit;dem;Jahre;380;Staatsreligion;war,;hat;es;auch;den;Untergang;der;staatlichen;Ordnung;überlebt.;Die;Existenz;des;Christentums;ist;also;nicht;zwangsläufig;an;den;Staat;gebunden.;Dazu;kommt;Folgendes:;""Wes;Brot;ich;ess,;des;Lied;ich;sing."";Wer;Geld;empfängt,;ist;eben;auch;abhängig.;Hier;kann;ein;vom;Staat;unabhängiges;Christentum;insbesondere;intellektuelle;Unabhängigkeit;zurückgewinnen;und;sich;wieder;auf;seine;Wurzeln;zurückbesinnen.;Sehr;aktuell;in;einer;Zeit,;in;der;sich;die;Kirchen;mehr;und;mehr;als;NGO's;gebärden.;; ;"
Sozialrechte.;Kanton;und;Gemeinde;sorgen;sich;um;Menschen;in;einer;Notlage,;die;sie;nicht;aus;eigener;Kraft;bewältigen;können,;sollen;Schutz,;ein;angemessenes;Obdach;und;existenzsichernde;Mittel;erhalten.Kinder;und;Jugendliche;sowie;Personen;im;erwerbsfähigen;Alter,;dass;sie;sich;nach;ihren;Fähigkeiten;bilden,;aus-;und;weiterbilden;könnenErwerbsfähige,;dass;sie;durch;Arbeit;zu;angemessenen;Bedingungen;ihren;Lebensunterhalt;eigenständig;bestreiten;können,;mit;einem;Recht;auf;Gleichbehandlung;und;Chancengleichheit;in;Beschäftigung;und;Beruf;Menschen;mit;Behinderungen;,;dass;sie;eigenständig;am;Leben;der;Gemeinschaft;teilhaben;können.->;Menschenrechte;->;europäische;Sozialcharta
Förderung;selbstständiger;Erwerbstätigkeit.;Wirtschaft/;Steuersystem;und;soziale;Sicherheit;lehnen;sich;;stark;auf;das;klassische;Modell;des;Vollzeit-Angestelltenverhältnisses.Zulassen;und;Fördern;kreativer;Arbeits-;und;Wirtschaftsmodelle;schaffen;Innovation
Eigenständigkeit;fördern;und;damit;Abhängigkeit;mindern.;Höchstens;einen;Solidaritätsfond;einrichten.Keine;anderen;erzwungenen;Pflichtzahlungen.Wer;gut;arbeitet;soll;nicht;bestraft;werden.;Ausnahme:;sehr hohe;Wasserzinseinnahmen;mit;unbenötigtem;Überschuss/Gewinn.
"Evtl.;wäre;eine;Trennung;sinnvoller.;Es;gibt viele;gravierende;Unterschiede;zwischen;dem;Ober-;und;dem;Unterwallis.Auch;wenn;eine;Separierung;für;uns;teurer;wäre,;würden;aber;auch;erhebliche;Erleichterungen;generiert.Beiden;Teilen;bliebe;""ein;Klotz;am;Bein"";erspart."
Rhoneschifffahrt.;Um;die;alten;und;neuen;Verkehrsflüsse;zu;verteilen;und;dabei;Umwelt;und;Tourismus;zu;dienen;sind;Pläne;für;die;Fluss-und;Seeschifffahrt;voranzutreiben.
Bodensanierung;und;Renaturierung.;Oberste;Priorität;hat;die;Sanierung;der;verschmutzten;Industriedeponien;und;Böden.;Dann;die;Renaturierung;der;Gewässer;und;Rückkehr;der;Lauchplätze;für;die;Fische;und;Brutplätze;für;die;Vögel.;
Nutzbauten.;Die;verlassenen;landwirtschaftlichen;Nutzbauten;sind;zu;erhalten;und;neuen;landwirtschaftlichen,;wirtschaftlichen;und;kulturellen;Zwecken;zuzuführen.
Haus;der;Kulturen.;Die;Zivilgesellschft;;und;die;Amtsstellen;kümmert;sich;um;die;kulturelle,;wirtschaftliche;und;menschliche;Aufnahme;der;Ausländer.;Schulen,;Museen,;Theater;und;Vereine;stellen;Treffpunkte;dazu;zur;Verfügung.;
Patchwork-Familien.;Die;Rechte;und;Pflichten;der;alten;und;neuen;Mitglieder;der;geschiedenen;und;neu;zusammengesetzten;Familien;sind;neu;zu;definieren,;soeziell;für;die;oft;lange;Übergangsperiode;und;die;Kinder..
Vernetzung;der;Agglogemeinden.;Die;Agglomerationen;sorgen;für;eine;effiziente;Diskussion;und;Umsetzung;der;regionalen;Projekte;und;die;Koordination;der;kulturellen,;wirtschaftlichen,;sozialen;und;umweltpolitischen;Ansätze;der;nachhaltigen;Entwicklung.;Der;eidgenössiche;Natur-;und;Heimatschutz;ist;lokal;zu;deklinieren.;Der;Landschaftsschutz;ist;als;Tourismusförderung;zu;betrachten.
Recht;auf;Anhörung;und;Vertretung.;Alle;Einwohnergruppen,;die;von;einer;kommunalen;oder;kantonlen;Massnahme;betroffen;werden,;haben;ein;Recht;angehört;zu;werden.;Dies;direkt;oder;durch;eine;Vertretung.;Dies;unabhängig;von;Sprache,;Nationalität,;Geschlecht,;Religion,;Aufenthaltsstatus,;Alterund;sozialem;Status.
Nachhaltigkeit;der;Lebensgrundlagen.;Kanton;und;Gemeinden;sorgen;für den;Schutz;der;Tier-;und;Pflanzenwelt;sowie;von;deren;Lebensräumen;und;die;Erhaltung;der;natürlichen;Umwelt,;;sie;wirken;jeder;Form;von;Verschmutzung;und;schädlicher;Einwirkung;entgegen.In;Verantwortung;für;die;kommenden;Generationen;sind;sie;einer;ökologisch,;wirtschaftlich;und;sozial;nachhaltigen;Entwicklung;verpflichtet.;Sie;fördern;die;Nutzung;und;Entwicklung;erneuerbarer;Energien.Die;Kosten;der;Vermeidung;und;Beseitigung;von;Umweltschäden;tragen;die;Verursacher.
Recht;auf;Ehe;und;Familie.;Jeder;Mensch;hat;das;Recht,;die;Form;des;partnerschaftlichen;Zusammenlebens;frei;zu;wählen.;Der;Staat;kann;neben;der;Ehe;auch;andere;Formen;des;Zusammenlebens;anerkennen.(impliziert;Verbot;von;Zwangsheirat)
"Präambel;offen;und;konstruktiv;gestalten.;Statt;""Im;Namen;Gottes;des;Allmächtigen"";kann;""auf;der;Grundlage;unserer;gemeinsamen;Werte"";stehen."
obligatorische;Einbürgerung.;Idealerweise;totale;Integration.
Grösster;Schutz;vor;Manipulation.;Die;Digitalisierung;wird;uns;abhängig;machen;und;weniger;flexibel.;Kommt;ein;Black;out,;sitzen;wir;alle;blind;im;selben;Boot.Meiner;Meinung;nach;lohnt;es;sich,;hier;massiv;mehr;zu;investieren,;zum;Schutz und;um;Alternativen;zu;schaffen.
Freie;Republik.;Selbständigkeit;und;Unabhängigkeit;anstreben.
Schutz;der;einheimischen;Fauna;und;Flora.;Alte;Sorten;erhalten;und;fördern.
Trinkwasser-Reserven;sichern.;Genügend;sauberes;und;günstiges;Trinkwasser;für;alle;sicherstellen.
Ein;Wolf;sollte;nicht;mehr;Rechte;haben,;als;ein;Schaf.;Nutztiere;sind;wertvoll;und;verdienen;mehr;Schutz.
Mehr;Handwerker,;weniger;Juristen;im;Parlament.;Mehr;praktisch;denkende;Handwerker,;Hausfrauen,;Selbständige,;analog;der;prozentualen;Bevölkerungsschichten.
vermehrte;Kontrollen;und;konsequente;Bestrafung..;Vorschriften;gibt;es;viele,;aber;eingehalten;wird;zu;wenig. 
Ausweisung;der;Kirchensteuern.;Zurzeit;werden;die;Kirchensteuern;noch;in;den;Kantons-;und;/;oder;Gemeindesteuern;erhoben;und;nicht;separat;ausgwiesen.;Mit;der;neuen;Verfassung;sollen;die;Kirchensteuern;separat;ausgewiesen;werden,;wie;die;bereits;in;anderen;Kantonen;der;Fall;ist.
keine;finanziellen;Mandat;während;der;Amtsdauer;mehr;erlaubt.;Politik;sollte;unabhängig;von;finanziellen;Mandaten;(ausgenommen;wohltätige;Vereine);der;Poltiker;geschehen-;nur;so;kann;die;Unabhängigkeit;gewährleistet;werden.;Die;Politiker;werden;für;Ihre;Aufgaben;ordnungsgemäss;entschädigt;und;es;braucht;dazu;keine;weiteren;Mandaten;von;Verwaltungsräten;etc.Des;Weiteren;müssen;alle;Mandat;der;Politiker;bei;Amtsbeginn;offengelegt;werden.
Förderung;von;innovatien;Mobilitätsformen;in;den;Berg-;und;Randregionen.;das;heutige;ÖV-System;in;den;Berg-;und;Randregionen;ist;ineffizient,;aber;zuverlässig.;Ein;Postauto;fährt;zur;vorgebenen;Zeit;und;unabhängig;von;dessen;Auslastung;(Leerfahrt).;Zusammen;mit;Hochschulen,;Unternehmungen;sollte;diese;Problematik;gelöst;werden;Durch;die;Digitalisierung;könnten;hier;Apps;Abhilfe;(Das;richtige,;umweltfreundliche;Fahrzeug|;Auto,;Bus,;zur;richtigen;Zeit,;zur;richtigen;Fahrtstrecke);schaffen.;Dies;bedingt;jedoch;auch;die;Mitwirkung;der;Bevölkerung;(Mitnahme;Fahrgäste,;Bildung;von;Fahrgemeinschaften).Der;Staat;/;Unternehmung;könnte;auch;umweltfreundliche;Fahrzeuge;zur;Verfügung;stellen;und;der;Fahrzeugführer;verpflichtet;sich;Fahrgäste;mitzunehmen,;falls;sich;jemand;über;ein;App;gemeldet;hat.;Die;heutigen;Angebote;von;Mobility;/;Sharoo;sind;viel;zu;teuer.
Staat;muss;erneuerbare;Energien;noch;mehr;fördern.;Staat;muss;erneuerbare;Energien;noch;mehr;fördern.;Das;Potenzial;der;Solarproduktion;auf;den;Dächern;wurde;bisher;zu;wenig;genutzt;und;dies;sollte;massiv;mehr;gefördert;werden.;Hinzu;kommt;,dass;sich;der;Staat;sowie;die;Wasserkraftwerke;Gedanken;machen;sollten,;wie;sie;vorgehen,;wenn;keine;Gletscher;mehr;da;sind,;um;genügend;Strom;zu;produzieren;(keine;Gletscher=;kein;Wasser=keine;Stromproduktion).
Kombination;von;Landwirtschaft;und;Plätze;für;Senioren;finanziell;fördern.;Eine;ideale;Kombination;wäre;die;Landwirtschaft;mit;Plätzen;für;Senioren;(nicht;allzu;hohe;Pflegestufe).;Damit;könnte;einerseits;die;Erträge;der;Landwirte;gesteigert;werden;und;andererseits;mehr;Plätze;für;Senioren;ohne;Neubau;von;Alterheimen;geschaffen;werden.;Auf;einem;Bauernhof;ist;jederzeit;jemand;erreichbar;und;für;die;Senioren;könnte;sich;nach;Ihren;Kräften;beschäftigen.;Selbstverständlich;dürfen;die;Senioren;nicht;eine;allzuhohe;Pflegestufe;aufweisen;und;die;qualitative;Betreuung;müsste;sichergestellt;werden.;Für;den;Staat;käme;diese;Variante;sicherlich;günstiger;als;wenn;die;Senioren;im;Altersheim;wären.
Anbau;/;Export;von;medizinischem;Hanf;massiv;mehr;fördern.;Zurzeit;bestehen;sehr;hohe;Anforderung;für;den;Anbau;/;Export;von;medizinischem;Hanf.;Das;Wallis;wäre;ideal,;damit;dies;vermehrt;bei;uns;angebaut;wird;und;für;die;Bauern;ist;dies;sicherlich;weniger;aufwändig;als;die;Viehzucht.;Hinzu;kommt;dass;bei;medizinischem;Hanf;immer;wieder;Versorgungsenpässe;bestehen;(zu;hohe;Nachfrage).
Ausbau;des;Beratungsangebot;für;Startups.;Aufbau;einer;Beratungstelle,;welche;für;Startups;für;z.B.;2;h;pro;Beratung;kostenlos;ist.;Anschliessend;führt;die;Beratungsstelle;kostenpflichtige;Workshops;mit;den;Startups;(Erstellung;Businesspläne,;durchführen;Analysen);durch.Andere;Kantone;(z.B.;Bern);haben;solche;Angebote;schon;lang;und;für;die;Startups;ist;dies;sehr;hilfreich,;damit;das;Risiko;des;Scheiterns;minimiert;wird.
"Laizität;=;strikte;Trennung;zwischen;Religion;und;Staat.;Sinnvoll?.;Meiner;Meinung;nach;nur;bedingt;umsetzbar,;denn;die;katholische;Kirche;gehört;zu;unserer;Kultur.""Der;Staat;soll;sich;nach;christlichen;Grundwerten;orientieren;dürfen,;welche;in;der;DNA;des;Walliservolkes;stecken"".;(Martin)Das;Christentum;deckt;sich;mit;den;allgemeinen;menschenwürdigen;Richtlinien,;ist;also;förderlich;und;steckt;in;unseren;Wurzeln."";Diese;sollen;nicht;beiseitegeschoben,;sondern;zumindest;verstärkend;erwähnt;werden"".;;(Martin)Religion;=;Tradition;=;Wurzeln.;Man;fällt;keine;alte;Arve,;wenn;man;das;Holz;nicht;braucht.Ausserdem:;Frankreich,;Portugal;und;Tschechien;sind;die;einzigen;laizistischen;Staaten;der;EU;!?;(Wikipedia);"
Präambel;=;feierliche;Einleitung.;Auf;das;wir;unser;Heimatland;schützen,;erhalten;und;respektvoll;verwalten.
Intensiv-Deutschkurse;und;Anwendung;ermöglichen.;-Intensiv-Deutschkurse;und;Anwendung;ermöglichen.-Auch;für;Eltern,;die;als;Vorbilder;fungieren.;Die;Sprache;ist;ein;wichtiger;Schritt;zur;Integration.-Klumpenrisiko;wenn;möglich;verhindern;siehe;Portos;in;Zermatt;(sie;reden;nicht;alle;gut;Deutsch;obwohl;schon;10;Jahre;da.)-Arrangement;organisieren;um;Deutsch;zu;sprechen;und;mit;Einheimischen;in;Kontakt;zu;kommen.
Nachhaltige;Entwicklung;und;Innovation.;Die;nachhaltige;Entwicklung;und;Innovationskraft;könnte;gefördert;werden-mit;neuen;Forschungsstühlen;im;Bereich;der;natürlichen;Umgebung;/-Wirkungsweisen;der;natürlichen;Umgebung;auf;den;Menschen;und;der;neuen;Technologien(z.B.;Quantenphysik,;Schwingungsfeld,;Phänomen;der;Ressonanzkatastrophe;im;Mobilfunk;etc.;);und;deren;Einfluss;auf;den;Menschen.-Studien;werden;unabhängig;neutral;durchgeführt;und;dienen;der;Wissenschaft;und;der;Information;der;(Walliser)-Bevölkerung.
ANWESENHEITSPFLICHT;regeln.;An;Ehrenhaftigkeit;und;demensprechende;Anwesenheit;appelieren.;Minimum;an;anwesenden;Tagen;festlegen.;Ansonsten;Bericht;verlangen!
Bienenhaltung;fördern;-more;than;honey-.;Die;Biene;ist;ein;wichtiger;Indikator,;wie;es;um;die;Gesundheit;der;Natur;geht;und;leistet;einen;wertvollen;Beitrag;neben;anderen;Insekten;für;die;Bestäubung;von;jeglichen;Blütenträgern.;Wenns;der;Biene;nicht;gut;geht,;gehts;der;Natur;in;der;Regel;auch;schlecht.;Ich;könnte;mir;eine;Flächendeckende;Förderung;der;Haltung;von;Bienen;vorstellen.;Zudem;ist;die;Biene;auch;für;Forschungszwecke;interessant.
Würde;der;Natur;gewährleisten.;Unsere;Lebensgrundlage;ist;die;natürliche;Umgebung.Der;Naturkreislauf;soll;nicht;unnötig;und;ungewissenhaft;strapaziert;werden;durch;unverhältnismässige;Infrastruktur;und;schädliche;Technologie.;z.B;Grundwasservergiftung,;Pestizideinsatz;in;der;Landwirtschaft;und;anderen;schädlichen;Einwirkungen;die;unsere;Lebensgrundlage;negativ;beeinflussen.;Die;Natur;soll;würdig;behandelt;werden;zum;Wohl;von;Mensch;und;Tier.
Biotope;und;Landschaft.;Um;der;bisherigen;und;zukünftigen;Umweltzerstörung;Einhalt;zu;gebieten,;errichtet;der;Kanton;auf;seinem;Territorium;Schutzgebiete;für;Fauna;und;Flora.;Neben;den;verschieden;abgestuften;nationalen;und;internationalen;Schutzgebieten;und;Landschaftsparks,;richtet;;der;Gebirgskanton;vom;Menschen;unberührte;Biosphären;und;Wildnisgebiete;ein.;
Service;public.;Der;Zugang;zu;den;öffentlichen;Dienstleistungen;(ServicePublic);muss;auf;dem;gesamten;Kantonsgebiet;angeboten;werden.;Die;Verwaltung,;die;Schulen;wird;die;Wirtschaft;streben;dezentrale;und;regionale;Strukturen;an.;
Mehrsprachigkeit.;Deutsch;und;Französich;sind;gleichberechtigte;Amtsprachen;der;kantonalen;Verwaltung;und;Institutionen.;Für;die;Gemeinden;gilt;das;Territorialitätsprinzip.;Deren;Verwaltung;kann;sich;für;die;Zweisprachigkeit;entscheiden.;Die;mehrsprachige;Kultur;wird;aus;gesellschatlichen,;politischen;und;wirtschaftlichen;Gründen;gefördert.;Neben;deutsch-französichen;Vorhaben;im;Bereich;der;Verständigung;und;Übersetzung;wird;den;anderen;Sprachen;der;Einwohner;und;Zuwanderer;ein;gebührender;Platz;und;die;nötige;Achtung;gewährt.
Pflicht;zur;Ökumene.;Die;Religionsgemeinschaften;sollen;ihre;verschiedenen;Traditionen;leben;dürfen,;Ihre;gesellschaftsrelevanten;Vorstellungen;können;sie;in;einem;ökumenischen;Religionsrat;zur;Diskussion;stellen.;Dort;sind;alle;;öffentlich;rechtlich;anerkannten;Glaubensgemeinschften;vertreten.;Als;solche;anerkannt;werden;vom;Staat;Wallis,;alle;Glaubensgemeinschften,;die;sich;verpflichten;die;Walliser;Verfassung;und;die;Menschenrechte;zu;achten.
Altersbegrenzung;Wahlrecht;;auf;18;-;65,;Mitwirkung;des;Jugendparlaments.;Ein;grosses;Gegenargument;für;die;Vergabe;politischer;Rechte;an;Jüngere;ist;ihre;Beeinflussbarkeit;und;das;Risiko;des;Missbrauchs;ihrer;Rechte;durch;andere.;Gilt;das;nicht;auch;für;ältere;Mitbürger?;Es;braucht;genügend;Lebenserfahrung;und;volle;Urteilsfähigkeit;um;politische;Rechte;auszuüben,;dies;wäre;früh;in;der;Schule;und;in;jugendpolitischen;Foren;einzuüben.;Ein;Jugendparlament;könnte;mehr;Mitwirkungssrechte;(in;Form;von;Vorstössen;und;Vetostimmen);erhalten.Wenn;die;ältesten;Mitbürger;ihr;;Wahlrecht;verlieren;in;einem;Alter,;wo;sie;gesellschaftlichen;Einfluss;haben;und;bestens;vernetzt;sind,;könnten;sie;sich;vermehrt;anderweitig;politisch;für;die;Gemeinschaft;und;die;nächsten;Generationen;einbringen;z.B.;mittels;Mentoring;Projekte,;welche;die;Jungen;in;der;Ausübung;ihrer;politischen;Rechte;und;in;ihrer;Diskussions-;und;Reflexionsfähigkeit;fördern.
Menschenrechtshinweis.;Die;Walliser;BürgerInnen;und;Behörden;verpflichten;sich;ihre;Verfassung;im;Einklang;mit;der;Allgemeinen;Erklärung;der;Menschenrechte;der;UNO;von;1948;zu;gestalten.;Der;Schutz;der;Menschenrechte;ist;auf;dem;Territorium;der;Republik;Wallis;für;alle;BewohnerInnen;gewährleistet.
in;Anlehnung;an;die;Verfassung;Graubünden.;Wir,;das;Volk;des;Kantons;Wallis,im;Bewusstsein;unserer;Verantwortung;gegenüber;den;Mitmenschen;und;der;Natur,im;Bestreben,;Freiheit,;Frieden;und;Menschenwürde;zu;schützen,;Demokratie;und;Rechtsstaat;zu;gewährleisten,;;soziale;Gerechtigkeit;zu;fördern;und;eine;gesunde;Umwelt;für;die;künftigen;Generationen;zu;erhalten,in;der;Absicht,;die;Zweisprachigkeit;und;kulturelle;Vielfalt;als;Teil;des;geschichtlichen;Erbes;zu;bewahren,geben;uns;folgende;Verfassung:
auf;mehr;Schultern;verteilen.;Meines;Erachtens;wären;2-3;Staatsräte;mehr;sinnvoll,;um;die;Aufgabengebiete;etwas;spezifischer;zu;gestalten.;
"Viele;Naturschutzgebiete;anstreben.;Da;sowieso;der;Grossteil;der;Kantonsfläche;als;""unproduktive;Fläche"";gilt,;sollte;angestrebt;werden,;dass;mehr;Zonen;entstehen,;in;welchen;die;Natur;nicht;beeinflusst;wird."
Wie;in;Bundesverfassung.;Dazu;irgendwo;Vermerk,;dass;Kontrollelemente;vorgesehen;sind..;Die;Aufgaben;der;Kantone;können;eigentlich;wie;jene;in;der;Bundesverfassung;beschrieben;werden.-->;https://www.admin.ch/opc/de/classified-compilation/19995395/index.html#a2;Auch;um;den;staatlichen;Apparat;nicht;noch;weiter;aufzublasen,;dürfte;gerne;irgendwo;geschrieben;stehen,;dass;der;Staat;seine;Dienstleistungen;regelmässig;auf;Notwendigkeit;überprüfen;lässt.;Das;hülfe;dann;vielleicht;auch;dabei,;die;Kosten;endlich;mal;in;den;Griff;zu;bekommen.;Kann;ja;nicht;sein,;dass;man;es;einfach;als;Selbstverständlichkeit;annimmt,;ein;Nehmerkanton;im;NFA;zu;sein.
Der;Kanton;stellt;Mittel;zur;Verfügung,;um;die;Infrastruktur;zu;den;und;in;den;Randregionen;zu;verbessern..;Das;wohl;grösste;Problem;der;Randregionen;sind;die;schwachen;Frequenzen;des;öV.;Indem;die;Wege;dorthin;verkürzt;werden;können,;könnte;sichergestellt;werden,;dass;die;an;und;für;sich;lebenswerten;Bergdörfer;nicht;abgehängt;werden;und;für;Kinder;und;Berufstätige;zu;unattraktiv;werden.
Senkung;von;Mindestalter.;Das;Stimm-;und;Wahlrecht;soll;auf;14;Jahre;gesenkt;werden.Mit;dem;Eintritt;in;die;Orientierungsschule;bietet;es;sich;dadurch;auch;an,;einen;entsprechend;aufklärenden;und;fördernden;Unterricht;zu;gestalten.;Auch;um;das;Interesse;allgemein;in;Politik;zu;fördern.
Beteiligung;der;Ausländer_innen;auf;kommunaler;Ebene.;Ausländer_innen;mit;Permis;C;sollen;in;Gemeinden;das;aktive;Stimm-;und;Wahlrecht;erhalten.
Laizistischer;Staat.;Es;gilt;einen;laizistischen;Staat;anzustreben.Religion(en);dürfen;keine;Pflichten;eines;Staates,;sondern;sollen;lediglich;Rechte;für;Bürger;sein;(Glaubensfreiheit).;Auch;sollen;dies;keine;Sonderrechte;erhalten.Deshalb;gehört;Religion;und;Staat;zu;100%;getrennt.;Eine;offizielle;Anerkennung;oder;Erwähnung;der;diversen;Konfessionen;braucht;es;in;der;Verfassung;nicht.;Das;Verhältnis;zwischen;diesen;Glaubensgemeinschaften;und;dem;Staat;ist;insofern;nur;zu;regeln,;wie;es;bei;gesellschaftlichen;Vereinen;auch;der;Fall;ist.;Es;braucht;hier;keine;Sonderbehandlung.;Somit;können;Religionen;und;ihre;Mitglieder;in;Zukunft;weiterhin;ihren;Tätigkeiten;im;Privaten;ungehindert;nachgehen;(z.B.;Messen).
Kinderstimmrecht.;Situation:;Die;Wählerschaft;altert;auch;im;Wallis.;Die;junge;Wählerschaft;wird;zunehmend;überstimmt.;Das;ist;unfair;und;undemokratisch,;weil;die;Jungen;und;Jüngsten;am;längsten;von;den;politischen;Entscheiden;betroffen;sind;und;nur;beschränkt an;der;Gestaltung;der;Zukunft;mitwirken;können.;Vorschlag:;Jedes;Kind;erhält;ab;Geburt;das;volle;Stimm-;und;Wahlrecht.;Bis;das;Kind;seine;eigene;Meinung;einbringen;will,;haben;die;Eltern;ein;Stellvertretungsrecht;für;die;Stimmabgabe.Wirkung:;Die;Politik;wird;kinder-;und;familienfreundlicher.;Die;Jugend;wird;sich;vermehrt;für;Politik;interessieren. Ausweitung;der;Demokratie.;
"Gezielte;Förderung;des;Kontakts;mit;Anderssprechenden;auf;Schulebene.;Eine;Fremdsprache;lernt;man;nicht;nur;durch;das;Erlernen;selbiger;in;der;Schule,;sondern;vor;allem;auch;durch;stetiges;Üben;-;und;durch;stetige;Begegnung;mit;denen,;die;in;einer;anderen;Sprache;sprechen.;Solche;Begegnungen;finden;aber;so;gut;wie;gar;nie;statt;(am;ehesten;noch;im;geschäftlichen;oder;politischen;Bereich). In;Visp;habe;ich;ab;der;dritten;Klasse;Französisch;gelernt;-;gut.;Aber;wann;sind;wir;je;ins;Unterwallis;gefahren;-;nicht,;um;irgendein;Museum;zu;besuchen,;sondern,;um;in;direkten;Dialog;mit;den;Anderssprechenden;zu;treten?Vielleicht;sollte;es;statt;der;üblichen;Parallelklasse;auch;je;eine;Parallelklasse;aus;dem;anderssprechenden;Kantonsteil;geben,;mit;der;man;sich;ab;und;zu;trifft;(oder;elektronisch;kommuniziert)? Und;wieso;dann;nicht;mit;der;Parallelklasse;aus;dem;Unterwallis;wochenweise;Sport-;und;Erlebniswochen;veranstalten,;so;wie;wir;das;früher;mit;der;""normalen"";Parallelklasse;gemacht;haben?;(von;und;mit;Muttersprachlern;lernt;man;Sprachen;sowieso;am;besten,;wenn;auch;nicht;immer;ganz;fehlerfrei.)"
Gleichstellung;aller;Glaubensbekenntnisse;/;Aufhebung;von;Sonderrechten.;Vollständige;Gleichstellung;aller;Glaubensbekenntnisse,;Aufhebung;aller;Sonderrechte;für;Glaubensbekenntnisse;bzw.;deren;Anhänger.;Aufhebung;der;zahlreichen;Verknüpfungen;zwischen;Kirche;und;Staat;(zum;Beispiel;beim;Thema;Kirchensteuer;oder;bei;der;Übernahme;von;Defiziten;laut;Art.;2;Abs.;4;der;aktuellen;Verfassung).
"Bezirke;durch;Gemeinden;ersetzen.;Die;Gemeinden;wie;sie;heute;sind;aufheben.;Pro;Bezirk;gibt;es;eine;Gemeinde;die;an;deren;Stelle;treten;und;die;Bezirke;aufheben.;In;jeder;Gemeinde;hat;es;ein;Gemeindeparlament;und;zwischen;5;und;9;Gemeinderäte.;Der/die;Gemeindepräsident/-in;sind;jeweils;vollamtlich;und;können;auch;die;Funktion;der;Präfekten;übernehmen.Somit;werden;verschiedene;""Probleme"";auf;einmal;gelöst.Beispiel;Kanton;Glarus;mit;2;Gemeinden...;und;es;funktioniert."
Tourismus.;Der;Tourismus;ist;zentral;für;unseren;Kanton.;Er;darf;hier;nicht;fehlen.;Weil;vor;allem;die;grossen;Talgemeinden;davon;profitieren,;diese;sich;aber;kaum;an;den;Kosten;beteiligen,;bedarf;es;hier;dringend;eines;Ausgleichs.;
Mobilität;in;den;Berg-;und;Randgebieten.;Um;der;Abwanderun;aus;den;Berg-;und;Randgebieten;entgegen;zu;wirken,;ist;die;Erreichbarkeit;zu;verbessern;und;die;damit;verbundenen;Kosten;für;die;Haushalte;zu;kompensieren,;z.;B.;durch;eine;entsprechende;Steuerpolitik.;
Solidarität;mit;den;Randregionen.;Der;Zusammenhalt;zwischen;den;verschiedenen;Regionen;ist;zu;fördern.;Wirtschaftlich;schwache;Regionen;werden;aktiv;unterstützt.;Der;Abwanderung;ist;entgegen;zu;wirken.;Der;Lebensraum;Alpen;muss;auch;in;Zukunft;bewohnbar;bleiben.;
Walliser;Wappen;sollte;bleiben;wie;es;ist..;Das;Walliser;Wappen;sollte;so;bleiben;wie;es;ist.;Es;hat;seine;Geschichte;und;stammt;aus;einer;Zeit;in;der;das;Wallis;eben;aus;13;Bezirken;bestand.;Die;Berner;haben;ihren;Bären;ja;auch;nicht;aus;dem;Wappen;genommen,;nur;weil;es;keine;Bären;mehr;im;Kanton;gibt.
Grossrat;und;Suppleanten.;Die;Anzahl;der;Grossrats-Sitze;auf;100;oder;90;reduzieren.Soppleanten;auf;einen;Drittel;der;Grossrats-Sitze;reduzieren.
Abschaffung;des;Amtes.;Die;Präfekte;sind;ein;alter;Zopf,;den;man;abschneiden;kann.
Glauben;ja.;Religion;nein;nie..;Glaubensfreiheit;sichernjede;Religion;verbannen
Suppleanten.;Es;braucht;keine;Suppleanten;mehr.100;Grossräte;sind;genug.
Dezentralisierung;der;Verwaltung.;Pro;Region;ein;Verwaltungszentrum;wo;alle;Dienstleistungen/Verwaltung;angeboten;werden.;(Z.B;Visp,;Sitten;und;Martinach)
Respekt;der;Sprachen.;In;allen;staatlichen;Belangen;(Verwaltung;etc.);muss;garantiert;werden,;dass;eine;Ansprechsperson;in;der;jeweiligen;Sprache;vorhanden;ist.
Analog;Kanton;Freiburg.;Wir,;das;Volk;des;Kantons;Wallis,die;wir;an;Gott;glauben;oder;unsere;Werte;aus;anderen;Quellen;schöpfen,im;Bewusstsein;unserer;Verantwortung;gegenüber;den;zukünftigen;Generationen,im;Willen,;unsere;kulturelle;Vielfalt;im;gegenseitigen;Verständnis;zu;leben,im;Bestreben,;an;einer;offenen,;dem;Wohlergehen;und;der;Solidarität;verpflichteten;Gesellschaft;zu;bauen,;welche;die;Grundrechte;garantiert;und;die;Umwelt;achtet,
ich;lese;und;höre;das;erste;Mal;eine;solch;naiv;suizidäres;politisches;Votum,;in;welcher;virtuellen;Bubble-Welt;lebt;ein;solcher;Separatist;?;Jeder;echte;Walliser,;dem;seine;Heimat;lieb;und;teuer;ist,;weiss;um;den;Vorteil;der;Mehrsprachigkeit;und;die;viel
In;vielen;Angelegenheiten;wird;eine;Fusion;unumgänglich.;(z.B.;Gemeindefusionen);Dass;eine;Trennung;der;Sprachregionen;positiv;sein;soll,;ist;sehr;fragwürdig.;Gegenseitig;die;zweite;Landessprache;als;erste;Fremdsprache;zu;kennen;ist;sehr;wichtig.;Viele;Vo
Recht;auf;Anhörung:;Ja.;Aber;kein;generelles;Stimmrecht.;Ich;bin;mir;sicher,;dass;die;jetzigen;Stimmberechtigten;auch;im;Sinne;dieser;Mitmenschen;entscheiden.;Wenn;allen;das;Stimmrecht;gegeben;werden;soll;(Minderjährige,Ausländer,;urteilsunfähige;Personen
Die;neue;Verfassung;muss;offen;sein,;damit;die;noch;ungewisse;Zukunft;darin;Platz;hat.
z.B.;in;der;Industrie;und;in;der;Landwirtschaft
Mit;eigenen;Fahrspuren;mit;Vortritt;für;Busse;Taxis;und;Zweiräder;soll;die;Priorität;des;individuellen;Autoverkehrs;gebrochen;werden.;Stadt;und;Dorfzentren;werden;autofrei;gestaltet.
Aber;ob;die;Landwirtschaft;damit;einverstanden;wäre?;Die;Idee;finde;ich;gut.;;Auch;Schulkinder;könnten;profitieren.;Evtl.;zu;jedem;Altersheim;und;zu;jedem;Schulhaus;ein;Stall;und;Garten?
Massiv;find;ich;ein;bisschen;übertrieben.
bis;jetzt;gibt;es;nur;eine;Beratungsstelle;für;:;;;;;;Bereitstellung;von;Eigenkapital;;Bürgschaften;für;Bankkredite,;Leasingkredite;und;Bankgarantien;Verschiedene;Mitfinanzierungen;;Baugarantien;;Was;bringt;diese;Finanzspritze,;wenn;die;Businesspläne;des;
falls;das;nicht;schon;so;ist-;keine;Anwesenheit;=;kein;Sitzungsgeld;und;führen;von;Statistiken;der;Anwesenheit
Und;dann;kommt;die;Post;und;macht;trotzdem;was;sie;will.
"Ist;nicht;der;offizielle;Gesetzestext;(nur);auf;französisch?;Meiner;Meinung;nach;wird;die;""mehrsprachliche;Kultur"";schon;genügend;akzeptiert;und;gefördert.;Ich;würde;eher;Anreize;schaffen,;damit;Zuwanderer;unsere;Muttersprache;annehmen,;denn;nur;so;findet"
Wird;evtl.;nicht;so;leicht;umsetzbar;sein.
Ein;Altersparlament;müsste;dann;schon;Gegengewicht;geben,;sonst;ist;die;Stimmrechtverweigerung;eine;krasse;Diskriminierung
Mir;zu;wenig;feierlich.
Der;Bezug;auf;die;Uno;Menschenrechtsarbeit;erlaubt;auch;deren;Weiterentwicklung;von;unten;und;oben;durch;neue;Konventionen.;Betroffene;und;Staaten;können;sich;einbringen;und;eine;demokratische;Kontrolle;gestalten..
Die;Menschenrechte;waren;eine;wichtige;Errungenschaft.;Zur;Zeit;werden;sie;weltweit;in;Frage;gestellt.;Ich;finde;das;eine;gefährliche;Entwicklung.
gemeinschaftlicher;Wille;und;Solidaritätsbekundung;und;hat;wenig;mit;Selbstsucht;zu;tun
Wir;…..;geben;uns;folgende;Verfassung;klingt;für;mich;zu;selbstsüchtig.
"Stadtgärten;und;Naturwege,;Verbindungen;von;Talseite;zu;Talseite;für;den;Wildwechsel;und;eine;""grüne;Autobahn"";für;Mensch;und;Fauna;und;Flora;gehören;dazu."
Durch;die;Prüfung;der;Notwendigkeit;sollte;auch;immer;der;Vergleich;mit;der;Privatwirtschaft;für;die;Ausübung;dieser;Aufgabe;(sofern;nicht;hohheitlich);erstellt;werden.;Bei;einer;permanenten,;grossen;Auslastung;kann;der;Staat;immer;günstiger;Güter;produzi
Kinder;und;Jugendliche;sind;mit;16;zumeist;noch;überfordert;von;der;gesamten;Meinungsbildung;von;Links;bis;Rechts.;Es;ist;ja;bereits;bei;den;18;jährigen;so.;Kein;Stimm;und;Wahlrecht;für;Minderjährige,;welche;oft;noch;zur;Schule;gehen;oder;in;Ausbildung;si
oder;vielleicht;eher;auf;16;Jahre;senken.
Wer;eine;Einbürgerung;vollzogen;hat,;hat;bewiesen,;dass;er;sich;mit;unserer;Kultur;und;Eigenheiten;auseinandergesetzt;hat;und;bereit;ist,;sich;an;der;Gesellschaft;zu;beteiligen.;Somit;hat;er;sich;dieses;Recht;verdient.;Andere;müssen;dies;erst;noch;beweise
Aus;welchem;Grund?;Zur;besseren;Integrierung;der;Ausländer/innen?;Das;Gegenteil;wird;der;Fall;sein.;Einige;ausländische;Partikularinteressen;werden;sich;so;mit;der;Zeit;durchsetzen.;An;eine;Integration;ist;so;nicht;zu;denken.;Die;Anreize,;den;Schweizer;Pa
Im;Grundsatz;ist;ja;die;Kirche;ein;Ort;der;Gemeinschaft;und;der;Liebe;(für;alle);also;fördert;den;Zusammenhalt.;Wo;wird;bedingungslose;Gemeinschaft;gelebt;in;Zukunft?;Da;ist;es;mit;ein;paar;ethischen;Richtlinien;wahrscheinlich;nur;bedingt;getan.;Ich;denke
Glaubensfreiheit;heisst,;jeder;darf;seinen;Glauben;in;Gemeinschaften;praktizieren,;ohne;den;Anders-und;Nichtgläubigen;ihre;Moral;aufzuzwingen.;;Religion;ist;nicht;mehr;und;nicht;weniger;als;eine;bedeutsame;kulturelle,;sakrale;Praxis;und;eben;nicht;das;Fun
Grundsätzlich;klingt;die;Idee;mit;dem;laizistischen;Staat;gut.;Bei;Ihren;Ausführungen;sind;sie;aber;etwas;widersprüchlich:;Rechte,;aber;keine;Sonderrechte;(wo;setzt;man;die;Grenze?);oder;Anerkennung;durch;die;Verfassung,;aber;zu;praktizieren;nur;im;Privat
"Dies;gibt;den;Eltern;pro;Kind;eine;weitere;Stimme.;Dieses;System;würde;ausgenutzt;werden;und;ist;undemokratisch,;zumal;nicht;der;Wille;des;Kindes;wirklich;vertreten;wird;(siehe;auch;Taufe;bzw.;Firmung).;;""Jedes;Kind;erhält;ab;Geburt;das;volle;Stimm-;und;W"
Auch;wir;hatten;in;der;Schule;früh;mit;Französisch;begonnen,;aber;wenn;ich;meine;Unterwalliser;Jahrgänger;mit;mir;vergleiche,;scheint;es,;dass;diese;noch;früher;hätten;zu;lernen;beginnen;sollen.;|);Ich;bin;der;Meinung,;dass;die;Sprachförderung;während;der
Guter;Ansatz.;Würde;sogar;noch;weiter;gehen;und;versuchen,;Mehrsprachigkeit;im;Berufsalltag;zu;fördern.;Beispielsweise;Staatsbetriebe,;die;Mitarbeiter;dazu;ermutigen,;auf;Arbeitszeit;während;einer;gewissen;Zeit,;einen;Austausch;oder;Kurs;zu;machen.
Nur;ganz;am;Rande:;Was;übrigens;damals;auch;ganz;hilfreich;beim;Lernen;war:;eine;Brieffreundschaft.;Klingt;altbacken,;ist;auch;altbacken,;aber;bringt;es;mit;sich,;dass;man;Texte;für;reale;Personen;(statt;für;den;Lehrer);produziert;und;die;Antworten;auch;E
Die;katholische;Kirche;soll;ihre;Sonderrechte;behalten,;weil;sie;in;unserer;Kultur;sehr;stark;verwurzelt;und;präsent;ist.;Lockerungen;im;Religionsunterricht;gibt;es;schon;und;das;ist;auch;in;Ordnung.;Jeder;Glaube;ist;berechtigt;vermittelt;zu;werden.;Aber,
Ist;es;nicht;eine;Aufgabe;des;Kantons;und;der;Gemeinde;(solidarisch);sich;für;das;seelische;Wohl;der;Gemeinschaft;stark;zu;machen?;Ich;verstehe;diese;oben;stehenden;Forderungen;.;Ich;bin;mit;der;Instutition;Kirche;nicht;überall;einverstanden;und;sie;trägt
Rufbusse,;Firmenbusse,;Fabrikbusse;und;Taxis;sind;neu;zu;definieren.;Transportdienste;für;Personen;;und;Waren;öffentlich;und;kollektiv;zu;gestalten
Die;Hersteller;von;Fahnen;und;dergleichem;würden;sicher;jubeln,;aber;für;alle;anderen;wäre;es;eine;fürchterliche;Verschwendung;von;Zeit;und;Geld.
Die;Aufgaben;der;Präfekten;sollten;grösstenteils;den;Gemeinden;übertragen;werden.;Die;Gemeindebehörden;sind;besser;erreichbar,;transparenter;und;wesentlich;näher;am;Volk.;Die;Strukturen;sollten;möglichst;einfach;und;flach;gehalten;werden.;Behördenwege;sol
"Mir;gefällt;die;Aussage;von;Martin;v.;27.;Nov.:;""Im;Grundsatz;ist;die;Kirche;ein;Ort;der;Gemeinschaft;und;fördert;den;Zusammenhalt.;;Wo;wird;Gemeinschaft;in;Zukunft;gelebt?""."
Die;Aussage;scheint;mir;ein;Widerspruch;in;sich;zu;sein:;was;macht;jemand,;der;an;Religion/relgiöse;Organisationen;glauben;möchte?;Ist;er;nun;frei,;an;etwas;zu;glauben,;das;Sie;gerne;verbannen;möchten?
Teilautonomie;;der;Regionen;und;Institutionen;kann;die;Verwaltung;und;Dinge;verbessern,;vereinfachen;und;demokratisieren.
z.B.;Ein;Passbüro;im;Oberwallis,;wo;man;den;neuen;Pass;beantragen;kann.;In;anderen;gleichgrossen;Kantonen;wie;das;Wallis;ist;dies;bereits;möglich;(Bern,;Thun,;Biel).;Ein;weiteres;Beispiel;wäre;ein;fixer;Standort;für;die;Schlichtungsbehörden;(Miete,;Arbeit
Besser;2.
Mein;Vorschlag:;jeder,;jede;Walliserin;hat;das;Recht,;dass;er;von;allen;öffentlichen;Institutionen;in;einer;der;beiden;Landesspachen;angehört;und;bedient;wird;(dazu;gehören;z.;B.;auch;das;Kantonsspital,;die;Polizei;und;natürlich;auch;die;Verwaltung)
"Die;Freiburger;Präambel;geht;in;Ordnung;mit;folgender;Ergänzung:;...;welche;die;Grundrechte;ohne;Einschränkung;garantiert;....;Weshalb;die;Ergänzung;""ohne;Einschränkung"";?;Weil;die;Freiheit,;insbesondere;die;Meinungsfreiheit,;unter;dem;Druck;der;""politica"
Die;freiburger;Päambel;ist;ok.;;Ich;würde;den;1.Teil;umformulieren.;;...die;wir;an;(einen;lieben(den));Gott;glauben;(und;christliche;Grundwerte;vertreten)....;;Es;geht;um;die;Werte;und;nicht;unbedingt;der;kirchlichen;Glaubensausrichtung!;;Gott;könnte;auch
"Schliesse;mich;den;Voten;von;M.;Hurni;und;M.;Heinzen;an:;""die;wir;an;Gott;glauben;[...]"";kann;ein;guter;Kompromiss;sein,;ein;Glaubensbezug;auf;egal;was;für;eine;religiöse;Tradition;muss;meiner;Meinung;nach;aber;nicht;drin;stehen."
die;wir;an;Gott;glauben;oder;unsere;Werte;aus;anderen;Quellen;schöpfen;-;Überflüssig;in;einem;säkularen;Staat.;Was;ein;Gottesbezug;irgendwelcher;Art;in;einer;Schweizer;Verfassung;im;21.;Jahrhundert;noch;zu;suchen;hat,;ist;mir;schleierhaft.
Ein;Bekenntnis;zum;Christlichen;Glauben;und;den;damit;verbundenen;Werten;steht;unserer;Verfassung;sicher;nicht;schlecht;an.
Diese;Variante;ist;für;mich;das;absolute;Minimum;(aus;säkularer;Betrachtung).;Für;mich;persönlich;ginge;es;auch;ohne;Gott,;wie;@Matthias;Heinzen;bereits;erwähnt;hat.
"+;Soweit;okay,;muss;""an;Gott;glauben"";da;stehen?;;Präambel;z.B.;vom;Kanton;Zürich;wäre;zeitgemässer:;;.....,;in;Verantwortung;gegenüber;der;Schöpfung;und;im;Wissen;um;die;Grenzen;menschlicher;Macht,;im;gemeinsamen;Willen,;Freiheit,;Recht;und;Menschenwürde"
